title,content
[WIL] 작성
[C/Debugging Lab] 디버깅 - 01_use_after_free,
[C/Debugging Lab] 디버깅 - 02_stack_buffer_overflow,
[C/Debugging Lab] 디버깅 - 03_heap_buffer_overflow,
[C/Debugging Lab] 디버깅 - 04_double_free,
[C/Debugging Lab] 디버깅 - 05_null_return_deref,
[C/Debugging Lab] 디버깅 - 06_null_deref,
[C/Debugging Lab] 디버깅 - 07_stack_use_after_return,
[C/Debugging Lab] 디버깅 - 08_uninitialized_read,
[C/Debugging Lab] 디버깅 - 09_strcpy_overflow,
[C/Debugging Lab] 디버깅 - 10_realloc_dangling,
[C/Debugging Lab] 디버깅 - 11_global_overflow,
[C/Debugging Lab] 디버깅 - 12_free_non_heap,
[C/Debugging Lab] 디버깅 - 13_linked_list_uaf,
[C/Debugging Lab] 디버깅 - 14_integer_overflow_alloc,
[C/Debugging Lab] 디버깅 - 15_dangling_in_struct,
[C/Debugging Lab] 디버깅 - 16_unused_cap_overflow,
[C/Debugging Lab] 디버깅 - 17_ownership_uaf,
[C/Debugging Lab] 디버깅 - 18_cleanup_double_free,
[C/Debugging Lab] 디버깅 - 19_realloc_shrink_overflow,
[C/Debugging Lab] 디버깅 - 20_vector_stale_pointer,